ID,Levelpack,Character,Level,Episode Name,Description,Rules Description,Equipment,Layout,Skillcard,Limit,Weakened Limit,Dice,Health,Generator,Super Level 2,Super Level 3,Super Level 4,Super Level 5,Cutscene,Script: Define Level Up Rewards,Script: Start Game,Script: After Level Up,Script: Change Floor,Script: Before Start Turn,Script: On Start Turn,Script: End Turn,Script: Start Combat,Script: After Combat
diceydungeons_warrior_1,diceydungeons,Warrior,1,The Warrior's Welcome,A straightforward adventure for a straightforward warrior.,Standard Rules.,Sword,EQUIPMENT,Combat Roll,Fury,Tantrum,2,24,warrior_normal,0,0,0,0,warrior1,leveluprewards(2[;] ~Dice~); leveluprewards(3[;] ~~[;] [~Equipment:Spiked Shield~[;]~Equipment:Boomerang~[;]~Equipment:Swordstave~]); leveluprewards(4[;] ~Dice~); leveluprewards(5[;] ~~[;] [~Equipment:Shield Bash~[;] ~Upgrade~[;]~Equipment:Shield Synthesis~]); leveluprewards(6[;] ~Dice~); ,Rules.excludeenemies([~Drake~]);,,,,,,,
diceydungeons_warrior_2,diceydungeons,Warrior,2,Curse of Greed,You've got two battle axes and all your equipment is|upgraded! Awesome! Also[;] you're extremely cursed!,Start with two upgraded [yellow]Battle Axes[].|All equipment you find is upgraded.|Inflicted with [curse]Curse[] at the start of every turn.,Battle Axe+|Battle Axe+,EQUIPMENT,Combat Roll,Fury,Tantrum,2,24,warrior_normal,0,0,0,0,warrior2,leveluprewards(2[;] ~Dice~); leveluprewards(3[;] ~~[;] [~Equipment:Spiked Shield+~[;]~Equipment:Boomerang+~[;]~Equipment:Swordstave+~]); leveluprewards(4[;] ~Dice~); leveluprewards(5[;] ~~[;] [~Equipment:Shield Bash+~[;]~Equipment:Pirate Hook+~|~Equipment:Shield Synthesis+~]); leveluprewards(6[;] ~Dice~); ,Rules.addplayerinnatestatus(CURSE); Rules.upgradeplayerequipment = true;  Rules.substitute(~upgrade~[;] ~copyshop~);,,,,,,,
diceydungeons_warrior_3,diceydungeons,Warrior,3,Worse than a Curse,You seem pretty tough! Do you really need all that health?|Nah[;] you'll be fine without it.,Start with a [yellow]Venus Fly Trap[].|Lose [heart]2[] max hp when you level up.,Venus Fly Trap,EQUIPMENT,Combat Roll,Fury,Tantrum,2,24,warrior_normal,0,1,0,0,warrior2,leveluprewards(2[;] ~Dice~); leveluprewards(3[;] ~~[;] [~Equipment:Spiked Shield~[;]~Equipment:Midnight Charm~[;]~Equipment:Swordstave~]); leveluprewards(4[;] ~Dice~); leveluprewards(5[;] ~~[;] [~Equipment:Shield Bash~[;] ~Equipment:Last Stand~[;]~Equipment:Shield Synthesis~]); leveluprewards(6[;] ~Dice~); ,Rules.hpchangeonlevelup = -2; Rules.lowhpmusic = false;,,,,,,,
diceydungeons_warrior_4,diceydungeons,Warrior,4,The Elimination Round,You've got your usual equipment[;] usual health[;] everything.|It's a shame all your enemies have extra health and|upgraded weapons.,Enemies get 10% extra health.|All enemy equipment is upgraded.,Sword,EQUIPMENT,Combat Roll,Fury,Tantrum,2,24,warrior_normal,0,0,0,0,warrior2,leveluprewards(2[;] ~Dice~); leveluprewards(3[;] ~~[;] [~Equipment:Spiked Shield~[;]~Equipment:Boomerang~[;]~Equipment:Swordstave~]); leveluprewards(4[;] ~Dice~); leveluprewards(5[;] ~~[;] [~Equipment:Shield Bash~[;] ~Upgrade~[;]~Equipment:Shield Synthesis~]); leveluprewards(6[;] ~Dice~); ,Rules.enemyhpadjust = 1.1; Rules.upgradeenemyequipment = true;,,,,,,,
diceydungeons_warrior_5,diceydungeons,Warrior,5,Parallel Universe,Woah[;] everything's different! ,Enemies get 10% extra health.|Status effects work differently.|All of the equipment has been changed.,Rusty Sword,EQUIPMENT,Combat Spatula,Fury?,Tantrum,2,24,warrior_paralleluniverse,1,1,0,0,warrior3,leveluprewards(2[;] ~Dice~); leveluprewards(3[;] ~~[;] [~Equipment:Crescent Moon Blade~[;]~Equipment:Shifting Sword~[;]~Equipment:Polar Star~]); leveluprewards(4[;] ~Dice~); leveluprewards(5[;] ~~[;] [~Equipment:Battering Ram~[;] ~Upgrade~[;]~Equipment:Maintenance~]); leveluprewards(6[;] ~Dice~); ,Rules.setalternate(~all~); Rules.enemyhpadjust = 1.1; Rules.excludeenemies([~Slime~]);,,,,,,,
diceydungeons_warrior_6,diceydungeons,Warrior,6,Bonus Round,Everything's back to normal again! Until you go down|a floor - the further you go into the dungeons[;] the more|the rules change...,Start with standard rules.|Gain bonus rules as you descend further.,,EQUIPMENT,Combat Roll,Fury,Tantrum,2,24,warrior_remixgenerator|remixrules,0,0,0,0,,var swords = [~InitialEquipment:Spiked Shield~[;]~InitialEquipment:Katana~[;]~InitialEquipment:Sword~[;] ~InitialEquipment:Rusty Sword~[;]~InitialEquipment:Battle Axe~]; var smalls = [~DoubleEquipment:Boxing Gloves[;]Boxing Gloves~[;]~DoubleEquipment:Claw[;]Claw~[;]~DoubleEquipment:Boomerang[;]Small Shield~]; var fluffswords = [~InitialEquipment:Pike~[;]~InitialEquipment:Halberd~[;]~InitialEquipment:Swordstave~[;]~InitialEquipment:Labrys~];var fluffsmalls = [~DoubleEquipment:Fulcrum Blade[;]Budge~[;]~DoubleEquipment:drowS[;]Nudge~[;]~DoubleEquipment:Rodela[;]Candle~[;]~DoubleEquipment:Thump[;]Lantern Shield~]; if(rand([0|1]) == 1){smalls = smalls.concat(fluffsmalls); chooseinitialequipment([rand(swords)|rand(smalls)|rand(fluffswords)]);}else{swords = swords.concat(fluffswords);  chooseinitialequipment([rand(swords)|rand(smalls)|rand(fluffsmalls)]);}; leveluprewards(2[;] ~Dice~); leveluprewards(4[;] ~Dice~); leveluprewards(6[;] ~Dice~); ,Rules.remix = true;,,if(getcurrentfloor() == 2){ var rewards1 = [~Equipment:Crescent Moon Blade~[;] ~Equipment:Spiked Shield~[;] ~Equipment:Polar Star~[;]~Equipment:Boomerang~[;]~Equipment:Katana~[;]~Equipment:Shifting Sword~[;]~Equipment:Swordstave~]; var rewards2 = [~Equipment:Battering Ram~[;] ~Equipment:Shield Bash~[;] ~Equipment:Charge!~[;] ~Equipment:Candle~[;]~Equipment:Shield Synthesis~]; rewards1 = shuffle(rewards1); rewards2 = shuffle(rewards2);  leveluprewards(3[;] ~~[;] rewards1[;] 3); leveluprewards(5[;] ~~[;] [rewards2.pop()[;] ~Upgrade~[;]rewards2.pop()][;]3); }; trace(levelupselections);,,,,,
diceydungeons_thief_1,diceydungeons,Thief,1,Thief in the Night,Business as usual: get in[;] rob a few enemies[;] defeat the|boss[;] get out.,Standard Rules.,Dagger|Lockpick,EQUIPMENT,Thief Stolen Card,Unlucky Roll,Very Unlucky Roll,2,24,thief_normal,0,0,0,0,thief1,leveluprewards(2[;] ~Dice~); leveluprewards(3[;] ~~[;] [~Equipment:Poison Needle~[;]~Equipment:Shatter~[;]~Equipment:Crowbar~]); leveluprewards(4[;] ~Dice~); leveluprewards(5[;] ~~[;] [~Equipment:Skeleton Key~[;] ~Equipment:Hacksaw~[;] ~Upgrade~]); leveluprewards(6[;] ~Dice~); ,Rules.excludeenemies([~Aurora~[;]~Mimic~[;]~Keymaster~[;]~Crystalina~[;]~Wisp~]);,,,,,,,
diceydungeons_thief_2,diceydungeons,Thief,2,Finders Keepers,Get those pickpocketing fingers ready - this time[;] you're|stealing for keeps.,You can keep enemy equipment after each fight.,Dagger|Lockpick,EQUIPMENT,Finders Keepers,Hook,Hook,2,24,thief_finderskeepers,0,0,0,0,thief2,leveluprewards(2[;] ~Dice~); leveluprewards(3[;] ~~[;] [~Equipment:Poison Needle~[;]~Equipment:Shatter~[;]~Equipment:Crowbar~]); leveluprewards(4[;] ~Dice~); leveluprewards(5[;] ~~[;] [~Equipment:Skeleton Key~[;] ~Equipment:Hacksaw~[;] ~Upgrade~]); leveluprewards(6[;] ~Dice~); ,Rules.excludeenemies([~Alchemist~[;]~Aurora~[;]~Mimic~[;]~Keymaster~[;]~Crystalina~[;]~Wisp~]);,,,,,,,
diceydungeons_thief_3,diceydungeons,Thief,3,Uptick,On your first turn[;] all your dice roll 1. On your second[;]|they roll 2. Third time lucky? Nope[;] third time you roll a 3.,On your first turn[;] all dice rolls are 1.|Second turn[;] all dice rolls are 2.|... and so on.,Dagger|Lockpick,EQUIPMENT,Uptick@1,Trips,Very Unlucky Roll,2,24,thief_uptick,0,1,0,0,thief2,leveluprewards(2[;] ~Dice~); leveluprewards(3[;] ~~[;] [~Equipment:Kunai~[;] ~Equipment:Crackleslash~[;] ~Equipment:Hall of Mirrors~]); leveluprewards(4[;] ~Dice~); leveluprewards(5[;] ~~[;] [~Equipment:Backstab~[;] ~Equipment:Hacksaw~[;] ~Upgrade~]); leveluprewards(6[;] ~Dice~); ,self.setvar(~uptick~|1);,,,var uptick = self.getvar(~uptick~); Rules.stackplayerdice([[uptick]][;] true); self.replaceskillcard(~Uptick@~ + uptick);,,var uptick = self.getvar(~uptick~) + 1; if(uptick >=7) uptick = 1; self.setvar(~uptick~[;] uptick);,,var uptick = self.getvar(~uptick~) + 1; if(uptick >=7) uptick = 1; self.setvar(~uptick~[;] uptick);
diceydungeons_thief_4,diceydungeons,Thief,4,The Elimination Round,You've got your usual equipment[;] usual health[;] everything.|It's a shame all your enemies have extra health and|upgraded weapons.,Enemies get 10% extra health.|All enemy equipment is upgraded.,Dagger|Lockpick,EQUIPMENT,Thief Stolen Card,Unlucky Roll,Very Unlucky Roll,2,24,thief_normal,0,0,0,0,thief2,leveluprewards(2[;] ~Dice~); leveluprewards(3[;] ~~[;] [~Equipment:Poison Needle~[;]~Equipment:Shatter~[;]~Equipment:Crowbar~]); leveluprewards(4[;] ~Dice~); leveluprewards(5[;] ~~[;] [~Equipment:Skeleton Key~[;] ~Equipment:Hacksaw~[;] ~Upgrade~]); leveluprewards(6[;] ~Dice~); ,Rules.enemyhpadjust = 1.1; Rules.upgradeenemyequipment = true; Rules.excludeenemies([~Aurora~[;]~Mimic~[;]~Keymaster~[;]~Crystalina~[;]~Wisp~]);,,,,,,,
diceydungeons_thief_5,diceydungeons,Thief,5,Parallel Universe,Woah[;] everything's different! ,Enemies get 10% extra health.|Status effects work differently.|All of the equipment has been changed.,Nunchucks|Master Key,EQUIPMENT,Thief Stolen Card,Unlucky Roll,Very Unlucky Roll,2,24,thief_paralleluniverse,1,1,0,0,thief3,leveluprewards(2[;] ~Dice~); leveluprewards(3[;] ~~[;] [~Equipment:Cowbell~[;]~Equipment:Seesaw~[;]~Equipment:Wrecking Ball~]); leveluprewards(4[;] ~Dice~); leveluprewards(5[;] ~~[;] [~Equipment:Berlin Key~[;] ~Equipment:Bronze Cauldron~[;] ~Upgrade~]); leveluprewards(6[;] ~Dice~); ,Rules.setalternate(~all~); Rules.enemyhpadjust = 1.1; Rules.excludeenemies([~Aurora~[;]~Mimic~[;]~Keymaster~[;]~Crystalina~[;]~Wisp~[;]~Slime~]);,,,,,,,
diceydungeons_thief_6,diceydungeons,Thief,6,Bonus Round,Everything's back to normal again! Until you go down|a floor - the further you go into the dungeons[;] the more|the rules change...,Start with standard rules.|Gain bonus rules as you descend further.,,EQUIPMENT,Thief Stolen Card,Unlucky Roll,Very Unlucky Roll,2,24,thief_remixgenerator|remixrules,0,0,0,0,,var poison = [~DoubleEquipment:Poison Needle[;]Hacksaw~[;]~DoubleEquipment:Rat[;]Rat~[;]~DoubleEquipment:Poison Slingshot[;]Gooplicate~[;]~DoubleEquipment:Rend[;]Quartz Cauldron~[;]~DoubleEquipment:Rat[;]Poison Needle~]; var spam = [~DoubleEquipment:Dagger[;]Lockpick~[;] ~DoubleEquipment:Dagger[;]Berlin Key~[;]~DoubleEquipment:Nunchucks[;]Master Key~[;]~DoubleEquipment:Dagger[;]Copper Cauldron~[;]~DoubleEquipment:Shotgun[;]Forgery~]; var counts = [~DoubleEquipment:Wrecking Ball[;]Pea Shooter~[;]~DoubleEquipment:Chain Whip[;]Chain Whip~[;]~DoubleEquipment:Wrecking Ball[;]Blade of JOAT~[;]~DoubleEquipment:Wrecking Ball[;]Metalmorph~]; chooseinitialequipment([rand(poison)[;]rand(spam)[;]rand(counts)]); leveluprewards(2[;] ~Dice~); leveluprewards(4[;] ~Dice~); leveluprewards(6[;] ~Dice~); ,Rules.remix = true; Rules.excludeenemies([~Aurora~[;]~Mimic~[;]~Keymaster~[;]~Crystalina~[;]~Wisp~[;]~Slime~]);,,if(getcurrentfloor() == 2){var rewards1 = [~Equipment:Poison Needle~[;] ~Equipment:Dagger~[;] rand([~Equipment:Lockpick~[;] ~Equipment:Shatter~])[;] rand([~Equipment:Crowbar~[;] ~Equipment:Wrecking Ball~])[;] ~Equipment:Seesaw~]; var rewards2 = [~Equipment:Skeleton Key~[;] ~Equipment:Hacksaw~[;] ~Equipment:Backstab~[;] ~Equipment:Berlin Key~[;] ~Equipment:Bronze Cauldron~[;] ~Equipment:Nunchucks~[;]~Equipment:Slingshot~]; rewards1 = shuffle(rewards1); rewards2 = shuffle(rewards2); for(r in rewards1){ if(levelupselections.indexOf(r) != -1) rewards1.remove(r); } for(r in rewards2){ if(levelupselections.indexOf(r) != -1) rewards2.remove(r); } leveluprewards(3[;] ~~[;] rewards1[;] 3); leveluprewards(5[;] ~~[;] [rewards2.pop()[;] rewards2.pop()[;] ~Upgrade~]); },,,,,
diceydungeons_robot_1,diceydungeons,Robot,1,Rise of the Robot,Nothing fancy: just calculation and altercation.,Standard Rules.,Pea Shooter|Plasma Blaster,EQUIPMENT,Robot Calculate,Autoroll,Lucky Shot,0,24,robot_normal,0,0,0,0,robot1,leveluprewards(2[;] ~CPU:2~); leveluprewards(3[;] ~~[;] [~Equipment:Buster Sword~[;]~Equipment:Drill Arm~[;]~Equipment:Ultima Weapon~]); leveluprewards(4[;] ~CPU:2~); leveluprewards(5[;] ~~[;] [~Equipment:Heat Sink~[;]~Equipment:Inspect Element~[;]~Equipment:Increment~]); leveluprewards(6[;] ~CPU:2~); ,Rules.excludeenemies([~Banshee~[;]~Loud Bird~[;]~Scathach~]);,,,,,,,
diceydungeons_robot_2,diceydungeons,Robot,2,Compression Errors,Ah[;] time for more dice! Unfortunately[;] there's a slight|problem: for complicated reasons that we won't go into|here[;] for this episode[;] you can't have two dice showing|the same number...,Duplicate dice vanish immediately.,Pea Shooter|Plasma Blaster,EQUIPMENT,Robot Calculate,Autoroll,Lucky Shot,0,24,robot_normal,0,0,0,0,robot2,leveluprewards(2[;] ~CPU:2~); leveluprewards(3[;] ~~[;] [~Equipment:Buster Sword~[;]~Equipment:Drill Arm~[;]~Equipment:Ultima Weapon~]); leveluprewards(4[;] ~CPU:2~); leveluprewards(5[;] ~~[;] [~Equipment:Heat Sink~[;]~Equipment:Inspect Element~[;]~Equipment:Increment~]); leveluprewards(6[;] ~CPU:2~); ,Rules.destroymatchingdice = true; Rules.excludeenemies([~Wisp~[;]~Banshee~[;]~Loud Bird~[;]~Scathach~]);,,,,,,,
diceydungeons_robot_3,diceydungeons,Robot,3,You Choose[;] You Lose,Woah[;] now you can magic up dice with any value you want!|Sure[;] there's a chance things will go horribly wrong when|you do. But let's focus on the positive: any dice you want!,No CPU counter. Create any dice you like!|50% chance that equipment will randomly disappear each time.,Ray Gun|Plasma Blaster,EQUIPMENT,Robot Request,Mulligan,Magic Dice,0,24,robot_youchooseyoulose,0,1,0,0,robot2,leveluprewards(2[;] ~~); leveluprewards(3[;] ~~[;] [~Equipment:Buster Sword~[;]~Equipment:Ruby Weapon~[;]~Equipment:Butterfly Edge~]); leveluprewards(4[;] ~~); leveluprewards(5[;] ~~[;][~Equipment:Jack's Pot~[;]~Equipment:Lute Bocks~[;]~Equipment:Autoscroll~]); leveluprewards(6[;] ~~); ,Rules.robot_requestodds = 50; Rules.excludeenemies([~Baby Squid~[;]~Kraken~[;]~Vampire~[;]~Vacuum~[;]~Banshee~[;]~Loud Bird~[;]~Scathach~]);,,,,,,,
diceydungeons_robot_4,diceydungeons,Robot,4,The Elimination Round,You've got your usual equipment[;] usual health[;] everything.|It's a shame all your enemies have extra health and|upgraded weapons.,Enemies get 10% extra health.|All enemy equipment is upgraded.,Pea Shooter|Plasma Blaster,EQUIPMENT,Robot Calculate,Autoroll,Lucky Shot,0,24,robot_normal,0,0,0,0,robot2,leveluprewards(2[;] ~CPU:2~); leveluprewards(3[;] ~~[;] [~Equipment:Buster Sword~[;]~Equipment:Drill Arm~[;]~Equipment:Ultima Weapon~]); leveluprewards(4[;] ~CPU:2~); leveluprewards(5[;] ~~[;] [~Equipment:Heat Sink~[;]~Equipment:Inspect Element~[;]~Equipment:Increment~]); leveluprewards(6[;] ~CPU:2~); ,Rules.enemyhpadjust = 1.1; Rules.upgradeenemyequipment = true; Rules.excludeenemies([~Banshee~[;]~Loud Bird~[;]~Scathach~]);,,,,,,,
diceydungeons_robot_5,diceydungeons,Robot,5,Parallel Universe,Woah[;] everything's different! ,Enemies get 10% extra health.|Status effects work differently.|All of the equipment has been changed.,Spud Cannon|Missing Score,EQUIPMENT,Robot Calculate,Autoroll,Lucky Shot,0,24,robot_paralleluniverse,1,1,0,0,robot3,leveluprewards(2[;] ~CPU:2~); leveluprewards(3[;] ~~[;] [~Equipment:Stack Overflow~[;]~Equipment:Chronomancy~[;]~Equipment:Precious Egg@6~]); leveluprewards(4[;] ~CPU:2~); leveluprewards(5[;] ~~[;] [~Equipment:Cooling Fan~[;]~Equipment:Bucket of Water~[;]~Equipment:Concatenate~]); leveluprewards(6[;] ~CPU:2~); ,Rules.setalternate(~all~); Rules.enemyhpadjust = 1.1; Rules.jackpotskills = [~One More Roll~|~Regenerate~|~Lucky Shot~|~Barricade~|~Snake Eyes~|~Firebomb~|~Protection~|~Refrigerator~|~Magic Lantern~|~Steel Skin~|~Revitalize~]; Rules.jackpotskills_lowodds = [~Fury~|~Teleport~|~Hook~|~Bear Smash~|~Jackhammer~|~Heat Ray~|~JOAT Smash~]; Rules.excludeenemies([~Banshee~[;]~Loud Bird~[;]~Scathach~[;]~Rhino Beetle~[;]~Paper Knight~[;]~Gargoyle~]);,,,,,,,
diceydungeons_robot_6,diceydungeons,Robot,6,Bonus Round,Everything's back to normal again! Until you go down|a floor - the further you go into the dungeons[;] the more|the rules change...,Start with standard rules.|Gain bonus rules as you descend further.,,EQUIPMENT,Robot Calculate,Autoroll,Lucky Shot,0,24,robot_remixgenerator|remixrules,0,0,0,0,,var jackpots = [~DoubleEquipment:Phaser[;]Overclock~[;]~DoubleEquipment:Pea Shooter[;]Missing Score~[;]~DoubleEquipment:Spud Cannon[;]Missing Score~];var rolls = [~DoubleEquipment:Garbage Collection[;]Coolant Shooter~[;]~DoubleEquipment:Ray Gun[;]Plasma Blaster~[;]~DoubleEquipment:Pea Shooter[;]Overclock~];var counts = [~DoubleEquipment:Overheat[;]Junkblaster~[;]~DoubleEquipment:Spud Cannon[;]Spatula~[;]~DoubleEquipment:Plasma Blaster[;]Pea Shooter~[;]~DoubleEquipment:Blutsauger[;]Plasma Blaster~];chooseinitialequipment([rand(jackpots)|rand(rolls)|rand(counts)]); leveluprewards(2[;] ~CPU:2~); leveluprewards(4[;] ~CPU:2~); leveluprewards(6[;] ~CPU:2~); ,Rules.remix = true; Rules.jackpotskills = [~One More Roll~|~Regenerate~|~Lucky Shot~|~Barricade~|~Snake Eyes~|~Firebomb~|~Protection~|~Refrigerator~|~Magic Lantern~|~Steel Skin~|~Revitalize~]; Rules.jackpotskills_lowodds = [~Fury~|~Teleport~|~Hook~|~Bear Smash~|~Jackhammer~|~Heat Ray~|~JOAT Smash~]; Rules.excludeenemies([~Banshee~[;]~Loud Bird~[;]~Scathach~]);,,if(getcurrentfloor() == 2){ var rewards1 = [~Equipment:Buster Sword~[;]~Equipment:Ultima Weapon~[;]~Equipment:Stack Overflow~[;]~Equipment:Precious Egg@6~[;]~Equipment:Drill Arm~[;]~Equipment:Chronomancy~[;]~Equipment:Butterfly Edge~]; var rewards2 = [rand([~Equipment:Cooling Fan~[;]~Equipment:Heat Sink~])[;]rand([~Equipment:Concatenate~[;]~Equipment:Increment~])[;]rand([~Equipment:Bucket of Water~[;]~Equipment:Inspect Element~])]; rewards1 = shuffle(rewards1); rewards2 = shuffle(rewards2); leveluprewards(3[;] ~~[;] rewards1[;] 3); leveluprewards(5[;] ~~[;] rewards2[;] 3); },,,,,
diceydungeons_inventor_1,diceydungeons,Inventor,1,Enter the Inventor,Manage your inventory the Inventor-y way: turn those|boring old swords and shields into neat little gadgets!,Standard Rules.,Hammer|Spanner|Pea Shooter,EQUIPMENT,Inventor Gadgets|Heat Ray,Focus,Unfocused,2,24,inventor_normal,0,0,0,0,inventor1,leveluprewards(2[;] ~Dice~); leveluprewards(3[;] ~~[;] [~Equipment:Flamethrower~[;]~Equipment:Recharge~[;]~Equipment:Doppeldice~]); leveluprewards(4[;] ~Dice~); leveluprewards(5[;] ~~[;] [~Upgrade~[;]~Equipment:Snapshot~[;] ~Copy~]); leveluprewards(6[;] ~Dice~); ,Rules.excludeenemies([~Aurora~[;]~Mimic~[;]~Keymaster~[;]~Crystalina~[;]~Wisp~]);,,,,,,,
diceydungeons_inventor_2,diceydungeons,Inventor,2,Double Rubble,There's so much equipment lying around - why make one|gadget after each combat when you can make two? Wait[;]|not [quote][]can[quote][] - [quote][]must[quote][][;] that's the word.,Find extra equipment.|Start with double equipment[;] and upgraded [yellow]Hammers[].|Make twice as many gadgets.,Hammer+|Hammer+|Spanner|Spanner|Pea Shooter|Pea Shooter,EQUIPMENT,Inventor Gadgets|Heat Ray|Jetpack,Focus,Unfocused,2,24,inventor_normal,0,0,0,0,inventor2,leveluprewards(2[;] ~Dice~); leveluprewards(3[;] ~~[;] [~Equipment:Flamethrower~[;]~Equipment:Recharge~[;]~Equipment:Doppeldice~]); leveluprewards(4[;] ~Dice~); leveluprewards(5[;] ~~[;] [~Upgrade~[;]~Equipment:Snapshot~[;] ~Copy~]); leveluprewards(6[;] ~Dice~); ,Rules.inventor_setgadgets(2); Rules.doublechests = true; Rules.excludeenemies([~Aurora~[;]~Mimic~[;]~Keymaster~[;]~Crystalina~[;]~Wisp~]);,,,,,,,
diceydungeons_inventor_3,diceydungeons,Inventor,3,The Inevitability of Rust,In a damp and grimy dungeon[;] some of your equipment is|bound to break eventually. It's lucky you're so good at|improvisation!,Don't create gadgets after each fight.|All equipment is reuseable.|All equipment breaks after 4 uses.|Broken equipment immediately becomes a gadget.,Hammer|Duplicate|Short Sword,EQUIPMENT,Inventor Gadgets|Focus,Focus,Unfocused,2,24,inventor_rust,0,1,0,0,inventor2,leveluprewards(2[;] ~Dice~); leveluprewards(3[;] ~~[;] [~Equipment:Flamethrower~[;]~Equipment:Recharge~[;]~Equipment:Doppeldice~]); leveluprewards(4[;] ~Dice~); leveluprewards(5[;] ~~[;] [~Upgrade~[;]~Equipment:Snapshot~[;] ~Copy~]); leveluprewards(6[;] ~Dice~); ,Rules.inventor_inspiration = false; Rules.inventor_equipmentrust = 4; Rules.excludeenemies([~Aurora~[;]~Mimic~[;]~Keymaster~[;]~Crystalina~[;]~Wisp~[;]~Cornelius~]);,,,,,,,
diceydungeons_inventor_4,diceydungeons,Inventor,4,The Elimination Round,You've got your usual equipment[;] usual health[;] everything.|It's a shame all your enemies have extra health and|upgraded weapons.,Enemies get 10% extra health.|All enemy equipment is upgraded.,Hammer|Spanner|Pea Shooter,EQUIPMENT,Inventor Gadgets|Heat Ray,Focus,Unfocused,2,24,inventor_normal,0,0,0,0,inventor2,leveluprewards(2[;] ~Dice~); leveluprewards(3[;] ~~[;] [~Equipment:Flamethrower~[;]~Equipment:Recharge~[;]~Equipment:Doppeldice~]); leveluprewards(4[;] ~Dice~); leveluprewards(5[;] ~~[;] [~Upgrade~[;]~Equipment:Snapshot~[;] ~Copy~]); leveluprewards(6[;] ~Dice~); ,Rules.enemyhpadjust = 1.1; Rules.upgradeenemyequipment = true; Rules.excludeenemies([~Aurora~[;]~Mimic~[;]~Keymaster~[;]~Crystalina~[;]~Wisp~]);,,,,,,,
diceydungeons_inventor_5,diceydungeons,Inventor,5,Parallel Universe,Woah[;] everything's different! ,Enemies get 10% extra health.|Status effects work differently.|All of the equipment has been changed.,Screwdriver|Scrap Club|Capacitor,EQUIPMENT,Inventor Gadgets|Replicate,Focus,Unfocused,2,24,inventor_paralleluniverse,1,1,0,0,inventor3,leveluprewards(2[;] ~Dice~); leveluprewards(3[;] ~~[;] [~Equipment:Molotov Cocktail~[;]~Equipment:Ratchet~[;]~Equipment:Doppeltwice~]); leveluprewards(4[;] ~Dice~); leveluprewards(5[;] ~~[;] [~Upgrade~[;]~Equipment:Subdivide~[;]~Copy~]); leveluprewards(6[;] ~Dice~); ,Rules.setalternate(~all~); Rules.enemyhpadjust = 1.1; Rules.inventor_blindinspiration = true; Rules.excludeenemies([~Aurora~[;]~Mimic~[;]~Keymaster~[;]~Crystalina~[;]~Wisp~]);,,,,,,,
diceydungeons_inventor_6,diceydungeons,Inventor,6,Bonus Round,Everything's back to normal again! Until you go down|a floor - the further you go into the dungeons[;] the more|the rules change...,Start with standard rules.|Gain bonus rules as you descend further.,Spanner|Capacitor,EQUIPMENT,Inventor Gadgets|Replicate,Focus,Unfocused,2,24,inventor_remixgenerator|remixrules,0,0,0,0,,var swordlikes = [~InitialEquipment:Hammer~[;]~InitialEquipment:Screwdriver~[;] ~InitialEquipment:Shovel~[;]~InitialEquipment:Whip~[;]~InitialEquipment:Lament~[;]~InitialEquipment:Leech Seed~[;]~InitialEquipment:Nine Iron~[;]~InitialEquipment:Sapping Spores~[;]~InitialEquipment:Canesword~[;]~InitialEquipment:Starsword~[;]~InitialEquipment:Breakthrough~]; var beams = [~DoubleEquipment:Dynamo[;]Focus Beam~[;]~DoubleEquipment:Focus Beam[;]Focus Beam~[;]~DoubleEquipment:Solar Beam[;]Solar Beam~[;]~DoubleEquipment:Dynamo[;]Solar Beam~[;]~DoubleEquipment:Terra Beam[;]Terra Beam~[;]~DoubleEquipment:Dynamo[;]Terra Beam~[;]~DoubleEquipment:Lunar Beam[;]Lunar Beam~[;]~DoubleEquipment:Dynamo[;]Lunar Beam~]; var x = rand(swordlikes); var y = x; while(y == x){y = rand(swordlikes);};chooseinitialequipment([x|rand(beams)|y]);  leveluprewards(2[;] ~Dice~); leveluprewards(4[;] ~Dice~); leveluprewards(5[;] ~~[;] [~Upgrade~[;] ~Copy~]); leveluprewards(6[;] ~Dice~); ,Rules.remix = true;  Rules.excludeenemies([~Aurora~[;]~Mimic~[;]~Keymaster~[;]~Crystalina~[;]~Wisp~]);,,if(getcurrentfloor() == 2){ var rewards1 = [~Equipment:Screwdriver~[;] ~Equipment:Flamethrower~[;] ~Equipment:Chainsaw~[;] ~Equipment:Doppeltwice~[;]~Equipment:Recharge~]; rewards1 = shuffle(rewards1); for(r in rewards1){ if(levelupselections.indexOf(r) != -1) rewards1.remove(r); } leveluprewards(3[;] ~~[;] rewards1[;] 3); },,,,,
diceydungeons_witch_1,diceydungeons,Witch,1,The Witch Way,Go work your usual magic!,Standard Rules.,*Cauldron|Infliction,SPELLBOOK,Witch Spellbook,Crystal Ball,Marble,3,24,witch_normal,0,0,0,0,witch1,leveluprewards(2[;] ~~[;] [rand([~Spell:Burning Light~[;]~Spell:Ice Shard~])[;]rand([~Spell:Sonic Wave~[;]~Spell:Electric Shock~])[;]rand([~Spell:Leech Soul~[;]~Spell:Venom Bolt~])]);leveluprewards(3[;] ~~[;] [~WitchUpgrade~[;] ~WitchPrecast~]); leveluprewards(4[;] ~~[;] [~Spell:Doppeldice~[;]  ~Spell:Duplicate~]); leveluprewards(5[;] ~~[;] [~WitchUpgrade~[;] ~ExtraDice~[;] ~WitchPrecast~]); leveluprewards(6[;] ~~[;] [~WitchUpgrade~[;] ~WitchPrecast~]);,Rules.excludeenemies([~Copycat~]);,,,,,,,
diceydungeons_witch_2,diceydungeons,Witch,2,Expect the Unexpected,A special treat: a random spell each turn! Yes[;] completely|random. Is that going to be an issue?,One spell slot contains a completely random spell each turn.,*Cauldron|Infliction|Memorise,SPELLBOOK,Witch Spellbook,Crystal Ball,Marble,3,24,witch_normal,0,0,0,0,witch2,leveluprewards(2[;] ~~[;] [rand([~Spell:Burning Light~[;]~Spell:Ice Shard~])[;]rand([~Spell:Sonic Blast~[;]~Spell:Electric Shock~])[;]rand([~Spell:Leech Soul~[;]~Spell:Venom Bolt~])]);leveluprewards(3[;] ~~[;] [~WitchUpgrade~[;] ~WitchPrecast~]); leveluprewards(4[;] ~~[;] [~Spell:Doppeldice~[;]  ~Spell:Duplicate~]); leveluprewards(5[;] ~Dice~); leveluprewards(6[;]  ~~[;][~WitchUpgrade~[;] ~WitchPrecast~]);,Rules.witch_randomspellslot = true; Spellbook.showspellbookinstructions = false; Rules.excludeenemies([~Copycat~]);,,,,,,,
diceydungeons_witch_3,diceydungeons,Witch,3,Countdown,It's like magic - your first dice is always a 6! Your|next[;] 5. Then 4. Then 3. Look[;] you're a witch[;] I'm sure|you can handle it.,Your first dice roll is always a 6[;] the second a 5[;] etc.|Start with a [yellow]Bumpblade[].,empty|empty|empty|empty|Infliction|*Bumpblade,SPELLBOOK,Witch Spellbook,Crystal Ball,Marble,3,24,witch_normal,0,1,0,0,witch2,leveluprewards(2[;] ~~[;] [rand([~Spell:Burning Light~[;]~Spell:Ice Shard~])[;]rand([~Spell:Sonic Blast~[;]~Spell:Electric Shock~])[;]rand([~Spell:Leech Soul~[;]~Spell:Venom Bolt~])]);leveluprewards(3[;] ~~[;] [~WitchUpgrade~[;] ~WitchPrecast~]); leveluprewards(4[;] ~~[;] [~Spell:Doppeldice~[;]  ~Spell:Duplicate~]); leveluprewards(5[;] ~~[;] [~WitchUpgrade~[;] ~ExtraDice~[;] ~WitchPrecast~]); leveluprewards(6[;] ~~[;] [~WitchUpgrade~[;] ~WitchPrecast~]);,Rules.stackplayerdice([[6[;] 5[;] 4[;] 3[;] 2[;] 1]][;] false); Rules.excludeenemies([~Copycat~]);,,,,,,,
diceydungeons_witch_4,diceydungeons,Witch,4,The Elimination Round,You've got your usual equipment[;] usual health[;] everything.|It's a shame all your enemies have extra health and|upgraded weapons.,Enemies get 10% extra health.|All enemy equipment is upgraded.,*Cauldron|Infliction,SPELLBOOK,Witch Spellbook,Crystal Ball,Marble,3,24,witch_normal,0,0,0,0,witch2,leveluprewards(2[;] ~~[;] [rand([~Spell:Burning Light~[;]~Spell:Ice Shard~])[;]rand([~Spell:Sonic Blast~[;]~Spell:Electric Shock~])[;]rand([~Spell:Leech Soul~[;]~Spell:Venom Bolt~])]);leveluprewards(3[;] ~~[;] [~WitchUpgrade~[;] ~WitchPrecast~]); leveluprewards(4[;] ~~[;] [~Spell:Doppeldice~[;]  ~Spell:Duplicate~]); leveluprewards(5[;] ~~[;] [~WitchUpgrade~[;] ~ExtraDice~[;] ~WitchPrecast~]); leveluprewards(6[;] ~~[;] [~WitchUpgrade~[;] ~WitchPrecast~]);,Rules.enemyhpadjust = 1.1; Rules.upgradeenemyequipment = true; Rules.excludeenemies([~Copycat~]);,,,,,,,
diceydungeons_witch_5,diceydungeons,Witch,5,Parallel Universe,Woah[;] everything's different! ,Enemies get 10% extra health.|Status effects work differently.|All of the equipment has been changed.,*Fruit Bowl|Snapdragon,SPELLBOOK,Witch Spellbook,Crystal Ball,Marble,3,24,witch_paralleluniverse,1,1,0,0,witch3,leveluprewards(2[;] ~~[;] [~Spell:Sun Beam~[;]~Spell:Lucky 7~[;] ~Spell:Cold Snap~[;] ~Spell:Carnation~[;] ~Spell:Swingset~[;] ~Spell:Wisteria~]| 3); leveluprewards(3[;] ~~[;] [~WitchUpgrade~[;] ~WitchPrecast~]); leveluprewards(4[;] ~~[;] [~Spell:Magnifying Glass~[;]  ~Spell:Daffodil~[;] ~Spell:Camellia~]); leveluprewards(5[;] ~~[;] [~WitchUpgrade~[;] ~ExtraDice~[;] ~WitchPrecast~]); leveluprewards(6[;] ~~[;] [~WitchUpgrade~[;] ~WitchPrecast~]);,Rules.setalternate(~all~); Rules.enemyhpadjust = 1.1; Rules.excludeenemies([~Copycat~]);,,,,,,,
diceydungeons_witch_6,diceydungeons,Witch,6,Bonus Round,Everything's back to normal again! Until you go down|a floor - the further you go into the dungeons[;] the more|the rules change...,Start with standard rules.|Gain bonus rules as you descend further.,,SPELLBOOK,Witch Spellbook,Crystal Ball,Marble,3,24,witch_remixgenerator|remixrules,0,0,0,0,,var vanillaupgrade; var PUupgrade; var fluffupgrade; if(chance(50)){ vanillaupgrade = rand([~Spell:Burning Light~|~Spell:Electric Shock~|~Spell:Ice Shard~]); PUupgrade = rand([~Spell:Sun Beam~|~Spell:Lucky 7~|~Spell:Cold Snap~|~Spell:Carnation~| ~Spell:Swingset~| ~Spell:Wisteria~]); fluffupgrade = rand([~Spell:Leech Soul~|~Spell:Sonic Wave~|~Spell:Venom Bolt~]); }else{ vanillaupgrade = rand([~Spell:Burning Light~|~Spell:Electric Shock~|~Spell:Ice Shard~|~Spell:Leech Soul~|~Spell:Sonic Wave~|~Spell:Venom Bolt~]); PUupgrade = rand([~Spell:Sun Beam~|~Spell:Lucky 7~|~Spell:Cold Snap~]); fluffupgrade = rand([~Spell:Carnation~| ~Spell:Swingset~| ~Spell:Wisteria~]); } var rewards1 = [vanillaupgrade|PUupgrade|fluffupgrade]; rewards1 = shuffle(rewards1); var cauldron = [~DoubleEquipment:Stew Pot[;]Infliction~[;] ~DoubleEquipment:Fruit Bowl[;]Infliction~[;] ~DoubleEquipment:Quartz Cauldron[;]Rend~[;]~DoubleEquipment:Cauldron[;]Snapdragon~]; var nomana = [~DoubleEquipment:Electrum Cauldron[;]Steamball~[;]~DoubleEquipment:Rockfall[;]Snapdragon~[;]~DoubleEquipment:Bite[;]Crocus~[;]~DoubleEquipment:Primal Punch[;]Budge~]; var combos = [~DoubleEquipment:Flower Pot[;]Stinging Nettle~[;]~DoubleEquipment:Fruit Bowl[;]Bloodroot~[;]~DoubleEquipment:Dock Leaf[;]Rosebud~[;]~DoubleEquipment:Stew Pot[;]Pod Shooter~]; chooseinitialequipment([rand(cauldron)[;]rand(nomana)[;]rand(combos)]); leveluprewards(3[;] ~~[;][~WitchUpgrade~[;] ~WitchPrecast~]); leveluprewards(5[;] ~~[;][~WitchUpgrade~[;] ~WitchPrecast~]); leveluprewards(6[;] ~~[;][~WitchUpgrade~[;] ~WitchPrecast~]); leveluprewards(2[;] ~~[;] rewards1);,Rules.remix = true; Rules.excludeenemies([~Copycat~]);,,if(getcurrentfloor() == 2){ var rewards2 = [rand([~Spell:Doppeldice~[;]~Spell:Magnifying Glass~])[;]  ~Spell:Duplicate~[;] ~Spell:Daffodil~[;] ~Spell:Camellia~]; rewards2 = shuffle(rewards2); for(r in rewards2){ if(levelupselections.indexOf(r) != -1) rewards2.remove(r); } leveluprewards(4[;] ~~[;] rewards2[;] 3); },,,,,
diceydungeons_jester_1,diceydungeons,Jester,1,Jester's Journey,Keep your cards close to your chest... oh yeah[;] by the|way[;] you have cards now.,Standard Rules.,Boop|Boop|Boop|Boop|Bop|Bop|Bop|Sweets|Sweets,DECK,Jester Deck,Snap!,Magic Trick,3,24,jester_normal,0,0,0,0,jester1,var vanilla = [~Boosterpack:Ice Shatter[;]Snowflake[;]Snowflake~[;]~Boosterpack:Flame Blast[;]Spark[;]Spark~[;]~Boosterpack:High Voltage[;]Buzzer[;]Buzzer~[;]~Boosterpack:Detonator[;]Liquorice[;]Liquorice~[;]~Boosterpack:Shield Bash[;]Deflect[;]Deflect~]; var fluff = [~Boosterpack:Firecracker[;]Bang Snaps[;]Bang Snaps~[;]~Boosterpack:Mace[;]Boopin' Stick[;]Boopin' Stick~[;]~Boosterpack:Pristine Sword[;]Sweets[;]Sweets~]; var v1 = rand([0|1|2|3|4]); var v2 = v1; while(v1 == v2){v1 = rand([0|1|2|3|4]);}; var total = [vanilla[v1]|vanilla[v2]|fluff[rand([0|1|2])]]; leveluprewards(2[;] ~~[;]total[;] 3);  leveluprewards(3[;] ~Equipment:Duplicate~[;][]); leveluprewards(4[;] ~~[;] [~Equipment:Call for Backup Warrior~[;]~Equipment:Call for Backup Witch~[;]~Equipment:Call for Backup Inventor~][;] 2); leveluprewards(5[;] ~~[;] [~Equipment:Call for Backup Thief~[;]~Equipment:Call for Backup Robot~[;] ~Delete~]); leveluprewards(6[;] ~Equipment:Duplicate~[;][]),Rules.excludeenemies([~Drake~[;]~Banshee~[;]~Loud Bird~[;]~Scathach~]);,trace(levelupselections); var rewards = [[~Boosterpack:Shield Bash[;]Deflect[;]Deflect~[;]~Iron Shield~[;][~Sweets[;]Deflect[;]Sweets~[;] ~Sweets[;]Shield Bash[;]Deflect~[;] ~Deflect[;]Deflect[;]Deflect~]][;][~Boosterpack:Ice Shatter[;]Snowflake[;]Snowflake~[;]~Lament~[;][~Snowflake[;]Spark[;]Snowflake~[;]~Boop[;]Snowball[;]Boop~[;] ~Boop[;]Lament[;]Boop~]][;][~Boosterpack:Detonator[;]Liquorice[;]Liquorice~[;]~Claw~[;][~Liquorice[;]Liquorice[;]Liquorice~[;] ~Liquorice[;]Claw[;]Sweets~[;] ~Sweets[;]Liquorice[;]Sweets~]][;][~Boosterpack:High Voltage[;]Buzzer[;]Buzzer~[;]~Hammer~[;][~Buzzer[;]Hammer[;]Buzzer~[;] ~High Voltage[;]Spark[;]High Voltage~ [;] ~Tazer[;]Whisper[;]Tazer~]][;][~Boosterpack:Flame Blast[;]Spark[;]Spark~[;]~Whip~[;][~Spark[;]Spark[;]Spark~[;] ~Buzzer[;]Whip[;]Buzzer~[;] ~Buzzer[;]Spark[;]Buzzer~]][;][~Boosterpack:Firecracker[;]Bang Snaps[;]Bang Snaps~[;]~Firecracker~[;][~Sparkler[;]Firecracker[;]Sparkler~[;] ~Bang Snaps[;]Bang Snaps[;]Bang Snaps~ [;] ~Sparkler[;]Firecracker[;]Sparkler~]][;][~Boosterpack:Mace[;]Boopin' Stick[;]Boopin' Stick~[;]~Chain Whip~[;][~Liquorice[;]Staff[;]Liquorice~[;] ~Dice Storage[;]Crossbow[;]Dice Storage~[;] ~Buckler[;]Paintbrush[;]Buckler~]][;][~Boosterpack:Pristine Sword[;]Sweets[;]Sweets~[;]~Venus Fly Trap~[;][~Life Rip[;]Blood Suck[;]Life Rip~[;] ~Life Drain[;]Piercing Scroll[;]Life Drain~[;] ~Sweets[;]Healing Crystal[;]Sweets~]][;][~Boosterpack:Gem Generator[;]Fire Gem[;]Ice Gem~[;]~Sword~[;][~Fire Gem[;]Fire Siphon[;]Fire Gem~[;]~Ice Gem[;]Deep Freeze[;]Ice Gem~[;]~Venom Gem[;]Blunt Gem[;]Venom Gem~]]]; for(i in rewards){if(levelupselections.indexOf(i[0]) > -1){Rules.substitute(~Two Handed Sword~[;]i[1]); Rules.substitute(~Bop[;]Bop[;]Bop~[;]rand(i[2]));}};,,,,,,
diceydungeons_jester_2,diceydungeons,Jester,2,Not Just a Jester,A straightforward adventure for a straightforward warrior.|But you're a jester so[;] uh...,Standard Rules.,Sword,DECK,Combat Roll,Fury,Tantrum,2,24,jester_warrior,0,1,0,0,jester2,leveluprewards(2[;] ~Dice~); leveluprewards(3[;] ~~[;] [~Equipment:Spiked Shield~[;]~Equipment:Boomerang~[;]~Equipment:Swordstave~]); leveluprewards(4[;] ~Dice~); leveluprewards(5[;] ~~[;] [~Equipment:Shield Bash~[;] ~Upgrade~[;]~Equipment:Shield Scrap~]); leveluprewards(6[;] ~Dice~); ,Deck.lookahead = 0; Deck.sethandsize(3); Deck.snapbutton = false; Rules.excludeenemies([~Drake~[;]~Banshee~[;]~Loud Bird~[;]~Scathach~]);,,,,,,,
diceydungeons_jester_3,diceydungeons,Jester,3,Losers[;] Weepers,Hey[;] wouldn't it be cool if you stole ALL of an enemy's|equipment[;] every time you fought? Let's find out! ,After defeating an enemy[;] keep all of their equipment.|New [yellow]Delete[] skills destroys cards permanently.,Boop|Boop|Boop|Boop|Bop|Bop|Bop|Sweets|Sweets,DECK,Delete,Magic Trick,Magic Dice,2,24,jester_finderskeepers,0,1,0,0,jester2,leveluprewards(2[;] ~Dice~); leveluprewards(3[;]~Equipment:Duplicate~[;] []); leveluprewards(4[;] ~Dice~); leveluprewards(5[;] ~~[;] [~Delete~[;] ~Upgrade~]); leveluprewards(6[;] ~Dice~);,Deck.lookahead = 0; Deck.sethandsize(3); Deck.snapbutton = false; Rules.excludeenemies([~Alchemist~[;]~Aurora~[;]~Mimic~[;]~Keymaster~[;]~Crystalina~[;]~Wisp~[;]~Drake~[;]~Banshee~[;]~Loud Bird~[;]~Scathach~]);,,,,,,,self.finderskeepers = 9999;
diceydungeons_jester_4,diceydungeons,Jester,4,The Elimination Round,You've got your usual equipment[;] usual health[;] everything.|It's a shame all your enemies have extra health and|upgraded weapons.,Enemies get 10% extra health.|All enemy equipment is upgraded.,Boop|Boop|Boop|Boop|Bop|Bop|Bop|Sweets|Sweets,DECK,Jester Deck,Snap!,Magic Trick,3,24,jester_normal,0,0,0,0,jester2,var vanilla = [~Boosterpack:Ice Shatter[;]Snowflake[;]Snowflake~[;]~Boosterpack:Flame Blast[;]Spark[;]Spark~[;]~Boosterpack:High Voltage[;]Buzzer[;]Buzzer~[;]~Boosterpack:Detonator[;]Liquorice[;]Liquorice~[;]~Boosterpack:Shield Bash[;]Deflect[;]Deflect~]; var fluff = [~Boosterpack:Firecracker[;]Bang Snaps[;]Bang Snaps~[;]~Boosterpack:Mace[;]Boopin' Stick[;]Boopin' Stick~[;]~Boosterpack:Pristine Sword[;]Sweets[;]Sweets~]; var v1 = rand([0|1|2|3|4]); var v2 = v1; while(v1 == v2){v1 = rand([0|1|2|3|4]);}; var total = [vanilla[v1]|vanilla[v2]|fluff[rand([0|1|2])]]; leveluprewards(2[;] ~~[;]total[;] 3);  leveluprewards(3[;] ~Equipment:Duplicate~[;][]); leveluprewards(4[;] ~~[;] [~Equipment:Call for Backup Warrior~[;]~Equipment:Call for Backup Witch~[;]~Equipment:Call for Backup Inventor~][;] 2); leveluprewards(5[;] ~~[;] [~Equipment:Call for Backup Thief~[;]~Equipment:Call for Backup Robot~[;] ~Delete~]); leveluprewards(6[;] ~Equipment:Duplicate~[;][]),Rules.enemyhpadjust = 1.1; Rules.upgradeenemyequipment = true; Rules.excludeenemies([~Drake~[;]~Banshee~[;]~Loud Bird~[;]~Scathach~]);,trace(levelupselections); var rewards = [[~Boosterpack:Shield Bash[;]Deflect[;]Deflect~[;]~Iron Shield~[;][~Sweets[;]Deflect[;]Sweets~[;] ~Sweets[;]Shield Bash[;]Deflect~[;] ~Deflect[;]Deflect[;]Deflect~]][;][~Boosterpack:Ice Shatter[;]Snowflake[;]Snowflake~[;]~Lament~[;][~Snowflake[;]Spark[;]Snowflake~[;]~Boop[;]Snowball[;]Boop~[;] ~Boop[;]Lament[;]Boop~]][;][~Boosterpack:Detonator[;]Liquorice[;]Liquorice~[;]~Claw~[;][~Liquorice[;]Liquorice[;]Liquorice~[;] ~Liquorice[;]Claw[;]Sweets~[;] ~Sweets[;]Liquorice[;]Sweets~]][;][~Boosterpack:High Voltage[;]Buzzer[;]Buzzer~[;]~Hammer~[;][~Buzzer[;]Hammer[;]Buzzer~[;] ~High Voltage[;]Spark[;]High Voltage~ [;] ~Tazer[;]Whisper[;]Tazer~]][;][~Boosterpack:Flame Blast[;]Spark[;]Spark~[;]~Whip~[;][~Spark[;]Spark[;]Spark~[;] ~Buzzer[;]Whip[;]Buzzer~[;] ~Buzzer[;]Spark[;]Buzzer~]][;][~Boosterpack:Firecracker[;]Bang Snaps[;]Bang Snaps~[;]~Firecracker~[;][~Sparkler[;]Firecracker[;]Sparkler~[;] ~Bang Snaps[;]Bang Snaps[;]Bang Snaps~ [;] ~Sparkler[;]Firecracker[;]Sparkler~]][;][~Boosterpack:Mace[;]Boopin' Stick[;]Boopin' Stick~[;]~Chain Whip~[;][~Liquorice[;]Staff[;]Liquorice~[;] ~Dice Storage[;]Crossbow[;]Dice Storage~[;] ~Buckler[;]Paintbrush[;]Buckler~]][;][~Boosterpack:Pristine Sword[;]Sweets[;]Sweets~[;]~Venus Fly Trap~[;][~Life Rip[;]Blood Suck[;]Life Rip~[;] ~Life Drain[;]Piercing Scroll[;]Life Drain~[;] ~Sweets[;]Healing Crystal[;]Sweets~]][;][~Boosterpack:Gem Generator[;]Fire Gem[;]Ice Gem~[;]~Sword~[;][~Fire Gem[;]Fire Siphon[;]Fire Gem~[;]~Ice Gem[;]Deep Freeze[;]Ice Gem~[;]~Venom Gem[;]Blunt Gem[;]Venom Gem~]]]; for(i in rewards){if(levelupselections.indexOf(i[0]) > -1){Rules.substitute(~Two Handed Sword~[;]i[1]); Rules.substitute(~Bop[;]Bop[;]Bop~[;]rand(i[2]));}};,,,,,,
diceydungeons_jester_5,diceydungeons,Jester,5,Parallel Universe,Woah[;] everything's different! ,Enemies get 10% extra health.|Status effects work differently.|All of the equipment has been changed.,Kapow|Kapow|Kapow|Kapow|Blammo|Blammo|Blammo|Sour Candy|Sour Candy,DECK,Jester Deck,Snap!,Magic Trick,3,24,jester_paralleluniverse,1,1,0,0,jester3,var vanilla = [~Boosterpack:Hijinx[;]Slapsies[;]Slapsies~[;]~Boosterpack:Flying Skull[;]Evil Laugh[;]Evil Laugh~[;]~Boosterpack:Woof Woof Woof[;]Ruff Ruff Ruff[;]Ruff Ruff Ruff~[;]~Boosterpack:Harmony[;]Melody[;]Melody~[;]~Boosterpack:Battering Ram[;]Front Line[;]Front Line~]; var fluff = [~Boosterpack:Cactus Spear[;]Rose Bush[;]Rose Bush~[;]~Boosterpack:Dazzling Light[;]Twinkle[;]Twinkle~[;]~Boosterpack:Rusty Broadsword[;]Stumble[;]Stumble~]; var v1 = rand([0|1|2|3|4]); var v2 = v1; while(v1 == v2){v1 = rand([0|1|2|3|4]);}; var total = [vanilla[v1]|vanilla[v2]|fluff[rand([0|1|2])]]; leveluprewards(2[;] ~~[;]total[;] 3);  leveluprewards(3[;] ~Equipment:Subdivide~[;][]); leveluprewards(4[;] ~~[;] [~Equipment:Call for Backup Warrior?~[;]~Equipment:Call for Backup Witch?~[;]~Equipment:Call for Backup Inventor?~][;] 2); leveluprewards(5[;] ~~[;] [~Equipment:Call for Backup Thief?~[;]~Equipment:Call for Backup Robot?~[;] ~Delete~]); leveluprewards(6[;] ~Equipment:Subdivide~[;][]),Rules.setalternate(~all~); Rules.enemyhpadjust = 1.1; Rules.excludeenemies([~Drake~[;]~Banshee~[;]~Loud Bird~[;]~Scathach~]);,trace(levelupselections); var rewards = [ [~Boosterpack:Hijinx[;]Slapsies[;]Slapsies~ [;] ~Concentration~ [;][~Hijinx[;]Mercy[;]Hijinx~ [;] ~Slapsies[;]Lojinx[;]Slapsies~[;] ~Concentration[;]Limbo[;]Concentration~ ] ][;][~Boosterpack:Flying Skull[;]Evil Laugh[;]Evil Laugh~ [;] ~Evil Laugh~ [;][~Evil Laugh[;]Evil Laugh[;]Evil Laugh~ [;] ~Manic Laugh[;]Infestation[;]Manic Laugh~[;] ~Manic Laugh[;]Blind Rage[;]Manic Laugh~ ] ][;][~Boosterpack:Woof Woof Woof[;]Ruff Ruff Ruff[;]Ruff Ruff Ruff~ [;] ~Yip Yip Yip~ [;][~Ruff Ruff Ruff[;]Arf Arf Arf[;]Ruff Ruff Ruff~ [;] ~Ruff Ruff Ruff[;]Bow Wow Wow[;]Ruff Ruff Ruff~ [;]~Woof Woof Woof[;]Ruff Ruff Ruff[;]Woof Woof Woof~ ] ][;][~Boosterpack:Harmony[;]Melody[;]Melody~ [;] ~Chorus~ [;][~Melody[;]Harmony[;]Melody~ [;] ~Melody[;]Resonance[;]Melody~[;] ~Chorus[;]Threeken[;]Chorus~ ] ][;][~Boosterpack:Battering Ram[;]Front Line[;]Front Line~ [;] ~Upkeep~ [;][~Front Line[;]Fortify[;]Front Line~ [;] ~Thick Skin[;]Fortify[;]Thick Skin~[;] ~Avalanche[;]Shield Boss[;]Avalanche~ ] ][;][~Boosterpack:Cactus Spear[;]Rose Bush[;]Rose Bush~ [;] ~Bramble~ [;][~Sour Candy[;]Spiked Drink[;]Sour Candy~ [;] ~Rose Bush[;]Crown of Thorns[;]Rose Bush~[;] ~Tetraphobia[;]Rosebud[;]Tetraphobia~ ] ][;][~Boosterpack:Dazzling Light[;]Twinkle[;]Twinkle~ [;] ~Radar~ [;][~Twinkle[;]Solar Blessing[;]Twinkle~ [;] ~Twinkle[;]Flashlight[;]Twinkle~ [;] ~Solar Blessing[;]Twinkle[;]Solar Blessing~ ] ][;][~Boosterpack:Rusty Broadsword[;]Stumble[;]Stumble~ [;] ~Rusty Shield~ [;][~Stumble[;]Blood Let[;]Stumble~ [;] ~Stumble[;]Sour Candy[;]Stumble~ [;] ~Blood Let[;]Blood Let[;]Blood Let~ ] ] ]; for (i in rewards) { if (levelupselections.indexOf(i[0]) > -1) { Rules.substitute(~Flaming Sword~ [;] i[1]); Rules.substitute(~Blammo[;]Blammo[;]Blammo~ [;] rand(i[2])); } }; ,,,,,,
diceydungeons_jester_6,diceydungeons,Jester,6,Bonus Round,Everything's back to normal again! Until you go down|a floor - the further you go into the dungeons[;] the more|the rules change...,Start with standard rules.|Gain bonus rules as you descend further.,Kapow|Kapow|Kapow|Kapow|Blammo|Blammo|Blammo|Sour Candy|Sour Candy,DECK,Jester Deck,Snap!,Magic Trick,3,24,jester_remixgenerator|remixrules,0,0,0,0,,var vanilla = [~InitialEquipment:Dice Cannon~[;]~InitialEquipment:Grand Finale~[;]~InitialEquipment:Punchline~[;]~InitialEquipment:Encore~]; var PU = [~InitialEquipment:Action!~[;]~InitialEquipment:Big Moment~[;] ~InitialEquipment:Laugh Track~]; var fluff = [~InitialEquipment:Standing Ovation~[;] ~InitialEquipment:Inspiring Tune~[;]~InitialEquipment:Have a Ball~[;]~InitialEquipment:Cauldron Crafter~[;]~InitialEquipment:Slapjack~[;] ~InitialEquipment:6 Years Bad Luck~[;]~InitialEquipment:Star of the Show~[;]~InitialEquipment:Emergency Barricade~[;]~InitialEquipment:Battle Sax~[;]~InitialEquipment:Nerf Hammer~]; chooseinitialequipment([rand(vanilla)|rand(PU)|rand(fluff)]); var vanilla = [~Boosterpack:Hijinx[;]Slapsies[;]Slapsies~[;]~Boosterpack:Flying Skull[;]Evil Laugh[;]Evil Laugh~[;]~Boosterpack:Woof Woof Woof[;]Ruff Ruff Ruff[;]Ruff Ruff Ruff~[;]~Boosterpack:Ice Shatter[;]Snowflake[;]Snowflake~[;]~Boosterpack:Flame Blast[;]Spark[;]Spark~[;]~Boosterpack:High Voltage[;]Buzzer[;]Buzzer~[;]~Boosterpack:Detonator[;]Liquorice[;]Liquorice~[;]~Boosterpack:Shield Bash[;]Deflect[;]Deflect~]; var fluff = [~Boosterpack:Cactus Spear[;]Rose Bush[;]Rose Bush~[;]~Boosterpack:Dazzling Light[;]Twinkle[;]Twinkle~[;]~Boosterpack:Rusty Broadsword[;]Stumble[;]Stumble~[;]~Boosterpack:Firecracker[;]Bang Snaps[;]Bang Snaps~[;]~Boosterpack:Mace[;]Boopin' Stick[;]Boopin' Stick~[;]~Boosterpack:Pristine Sword[;]Sweets[;]Sweets~]; var v1 = rand([0|1|2|3|4|5|6|7]); var v2 = v1; while(v1 == v2){v1 = rand([0|1|2|3|4|5|6|7]);}; var total = [vanilla[v1]|vanilla[v2]|fluff[rand([0|1|2])]]; leveluprewards(2[;] ~~[;]total[;] 3);  var subordupe = rand([~Equipment:Subdivide~[;] ~Equipment:Duplicate~]); leveluprewards(3[;] subordupe[;][]); leveluprewards(4[;] ~~[;] [rand([~Equipment:Call for Backup Warrior?~[;] ~Equipment:Call for Backup Warrior?~])[;]rand([~Equipment:Call for Backup Witch?~[;]~Equipment:Call for Backup Witch~])[;]rand([~Equipment:Call for Backup Inventor?~[;]~Equipment:Call for Backup Inventor~])][;] 3); leveluprewards(5[;] ~~[;] [rand([~Equipment:Call for Backup Thief?~[;] ~Equipment:Call for Backup Thief~])[;]rand([~Equipment:Call for Backup Robot?~[;] ~Equipment:Call for Backup Robot~])[;] ~Delete~]); leveluprewards(6[;] subordupe);,Rules.remix = true; Rules.excludeenemies([~Drake~[;]~Banshee~[;]~Loud Bird~[;]~Scathach~]);,trace(levelupselections); var rewards = [[~Boosterpack:Shield Bash[;]Deflect[;]Deflect~[;]~Iron Shield~[;][~Sweets[;]Deflect[;]Sweets~[;] ~Sweets[;]Shield Bash[;]Deflect~[;] ~Deflect[;]Deflect[;]Deflect~]][;][~Boosterpack:Ice Shatter[;]Snowflake[;]Snowflake~[;]~Lament~[;][~Snowflake[;]Spark[;]Snowflake~[;]~Boop[;]Snowball[;]Boop~[;] ~Boop[;]Lament[;]Boop~]][;][~Boosterpack:Detonator[;]Liquorice[;]Liquorice~[;]~Claw~[;][~Liquorice[;]Liquorice[;]Liquorice~[;] ~Liquorice[;]Claw[;]Sweets~[;] ~Sweets[;]Liquorice[;]Sweets~]][;][~Boosterpack:High Voltage[;]Buzzer[;]Buzzer~[;]~Hammer~[;][~Buzzer[;]Hammer[;]Buzzer~[;] ~High Voltage[;]Spark[;]High Voltage~ [;] ~Tazer[;]Whisper[;]Tazer~]][;][~Boosterpack:Flame Blast[;]Spark[;]Spark~[;]~Whip~[;][~Spark[;]Spark[;]Spark~[;] ~Buzzer[;]Whip[;]Buzzer~[;] ~Buzzer[;]Spark[;]Buzzer~]][;][~Boosterpack:Firecracker[;]Bang Snaps[;]Bang Snaps~[;]~Firecracker~[;][~Sparkler[;]Firecracker[;]Sparkler~[;] ~Bang Snaps[;]Bang Snaps[;]Bang Snaps~ [;] ~Sparkler[;]Firecracker[;]Sparkler~]][;][~Boosterpack:Mace[;]Boopin' Stick[;]Boopin' Stick~[;]~Chain Whip~[;][~Liquorice[;]Staff[;]Liquorice~[;] ~Dice Storage[;]Crossbow[;]Dice Storage~[;] ~Buckler[;]Paintbrush[;]Buckler~]][;][~Boosterpack:Pristine Sword[;]Sweets[;]Sweets~[;]~Venus Fly Trap~[;][~Life Rip[;]Blood Suck[;]Life Rip~[;] ~Life Drain[;]Piercing Scroll[;]Life Drain~[;] ~Sweets[;]Healing Crystal[;]Sweets~]][;][~Boosterpack:Gem Generator[;]Fire Gem[;]Ice Gem~[;]~Sword~[;][~Fire Gem[;]Fire Siphon[;]Fire Gem~[;]~Ice Gem[;]Deep Freeze[;]Ice Gem~[;]~Venom Gem[;]Blunt Gem[;]Venom Gem~]][;] [~Boosterpack:Hijinx[;]Slapsies[;]Slapsies~ [;] ~Concentration~ [;][~Hijinx[;]Mercy[;]Hijinx~ [;] ~Slapsies[;]Lojinx[;]Slapsies~[;] ~Concentration[;]Limbo[;]Concentration~ ] ][;][~Boosterpack:Flying Skull[;]Evil Laugh[;]Evil Laugh~ [;] ~Evil Laugh~ [;][~Evil Laugh[;]Evil Laugh[;]Evil Laugh~ [;] ~Manic Laugh[;]Infestation[;]Manic Laugh~[;] ~Manic Laugh[;]Blind Rage[;]Manic Laugh~ ] ][;][~Boosterpack:Woof Woof Woof[;]Ruff Ruff Ruff[;]Ruff Ruff Ruff~ [;] ~Yip Yip Yip~ [;][~Ruff Ruff Ruff[;]Arf Arf Arf[;]Ruff Ruff Ruff~ [;] ~Ruff Ruff Ruff[;]Ruff Ruff Ruff[;]Ruff Ruff Ruff~ [;]~Woof Woof Woof[;]Ruff Ruff Ruff[;]Woof Woof Woof~ ] ][;][~Boosterpack:Harmony[;]Melody[;]Melody~ [;] ~Chorus~ [;][~Melody[;]Harmony[;]Melody~ [;] ~Melody[;]Resonance[;]Melody~[;] ~Chorus[;]Threeken[;]Chorus~ ] ][;][~Boosterpack:Battering Ram[;]Front Line[;]Front Line~ [;] ~Upkeep~ [;][~Front Line[;]Fortify[;]Front Line~ [;] ~Thick Skin[;]Fortify[;]Thick Skin~[;] ~Avalanche[;]Shield Boss[;]Avalanche~ ] ][;][~Boosterpack:Cactus Spear[;]Rose Bush[;]Rose Bush~ [;] ~Bramble~ [;][~Sour Candy[;]Spiked Drink[;]Sour Candy~ [;] ~Rose Bush[;]Crown of Thorns[;]Rose Bush~[;] ~Tetraphobia[;]Rosebud[;]Tetraphobia~ ] ][;][~Boosterpack:Dazzling Light[;]Twinkle[;]Twinkle~ [;] ~Radar~ [;][~Twinkle[;]Solar Blessing[;]Twinkle~ [;] ~Twinkle[;]Flashlight[;]Twinkle~ [;] ~Solar Blessing[;]Twinkle[;]Solar Blessing~ ] ][;][~Boosterpack:Rusty Broadsword[;]Stumble[;]Stumble~ [;] ~Rusty Shield~ [;][~Stumble[;]Blood Let[;]Stumble~ [;] ~Stumble[;]Sour Candy[;]Stumble~ [;] ~Blood Let[;]Blood Let[;]Blood Let~ ] ] ];  for(i in rewards){trace(i); if(levelupselections.indexOf(i[0]) > -1){trace(~Found it!~); Rules.substitute(~Two Handed Sword~[;]i[1]); Rules.substitute(~Bop[;]Bop[;]Bop~[;]rand(i[2]));}}; Rules.substitute(~Lowfluff~[;]rand([~Snowflake~[;]~Spark~])); ,,,,,,
diceydungeons_backstage_1,diceydungeons,Backstage,1,Backstage,Team up with the other contestants and recruit the dungeon's|monsters in one final effort to overthrow Lady Luck!,Recuit enemies you defeat in combat.|Switch between contestants and enemies by choosing cards from a deck.|Equipment doesn't recharge between turns.,The Jester,EQUIPMENT,Monstermode,Against all odds,Regenerate,2,24,finale,0,0,0,0,endingintro,,Rules.limitbreakcost = 16;,,,,,,,
